-- заполнение таблицы Streets (Улицы)
insert into Streets
	(Street)
values
	(N'Артёма'),					-- 1
	(N'Садовая'),					-- 2
	(N'Красноармейская'),			-- 3
	(N'Октябрьская'),				-- 4
	(N'Первомайская'),				-- 5
	(N'Университетская'),			-- 6
	(N'Постышева'),					-- 7
	(N'Горького'),					-- 8
	(N'Кобозева'),					-- 9
	(N'Петровского'),				-- 10
	(N'Горняков');					-- 11

-- заполнение таблицы Persons (Персоны)
insert into Persons
	(LastName, FirstName, Patronymic)
values
	(N'Астафьева',		N'Дарья',		N'Алексеевна'),			-- 1
	(N'Дмитриева',		N'София',		N'Кирилловна'),			-- 2
	(N'Григорьева',		N'Вера',		N'Владиславовна'),		-- 3
	(N'Литвинова',		N'Ольга',		N'Ярославовна'),		-- 4
	(N'Козырев',		N'Юрий',		N'Семёнович'),			-- 5
	(N'Власов',			N'Михаил',		N'Александрович'),		-- 6
	(N'Григорьев',		N'Игорь',		N'Андреевич'),			-- 7
	(N'Колесов',		N'Иван',		N'Александрович'),		-- 8
	(N'Черных',			N'Алина',		N'Ильинична'),			-- 9
	(N'Фадеева',		N'София',		N'Богдановна'),			-- 10
	(N'Калинина',		N'Елизавета',	N'Ивановна'),			-- 11
	(N'Маркова',		N'Амелия',		N'Ильинична'),			-- 12
	(N'Константинова',	N'Мария',		N'Матвеевна'),			-- 13
	(N'Медведева',		N'Вероника',	N'Артемьевна'),			-- 14
	(N'Попов',			N'Михаил',		N'Михайлович'),			-- 15
	(N'Селезнев',		N'Михаил',		N'Дмитриевич'),			-- 16
	(N'Поляков',		N'Дмитрий',		N'Николаевич'),			-- 17
	(N'Карпова',		N'Вера',		N'Данииловна'),			-- 18
	(N'Иванов',			N'Михаил',		N'Александрович'),		-- 19
	(N'Романов',		N'Кирилл',		N'Даниилович'),			-- 20
	(N'Кузнецова',		N'Алиса',		N'Тимофеевна'),			-- 21
	(N'Лаврентьев',		N'Даниил',		N'Максимович'),			-- 22
	(N'Исааков',		N'Сергей',		N'Кириллович'),			-- 23
	(N'Булгакова',		N'Алиса',		N'Алексеевна'),			-- 24
	(N'Измайлов',		N'Елисей',		N'Александрович'),		-- 25
	(N'Алешин',			N'Николай',		N'Андреевич')			-- 26

-- заполнение таблицы Immovables (Недвижимость)
insert into Immovables
	(IdStreets, HomeNumber, ApartmentNumber, AmountRooms, Area, Price)
values
	(1,		'18',	 '6',	3,		56,		3500000),			-- 1
	(2,		'83',	'12',	3,		70,		1600000),			-- 2
	(3,		'51',  '123',	2,		48,		1350000),			-- 3
	(2,		'23',	'34',	2,		40,		1100000),			-- 4
	(2,		'14',	'38',	1,		35,		 800000),			-- 5
	(7,		'32',	'14',	3,		72,		2500000),			-- 6
	(2,		'46',	'67',	3,		80,		2300000),			-- 7
	(8,		'3',	'57',	2,		48,		1700000),			-- 8
	(9,		'34',	'41',	2,		44,		1800000),			-- 9
	(2,		'12',	'45',	3,		68,		2000000),			-- 10
	(3,		'3',	 '1',	1,		38,		 950000),			-- 11
	(4,		'5',	'23',	1,		35,		 970000),			-- 12
	(5,		'7',	'43',	1,		39,		 930000),			-- 13
	(7,		'32',	'67',	3,		82,		1600000),			-- 14
	(8,		'12',	'42',	2,		65,		1300000),			-- 15
	(3,		'54',	'23',	2,		63,		1100000),			-- 16
	(7,		'87',	'46',	2,		66,		1200000),			-- 17
	(8,		'2',	'32',	3,		78,		3900000),			-- 18
	(5,		'13',	'87',	3,		76,		1800000),			-- 19
	(3,		'9',	 '5',	3,		73,		1700000)			-- 20

-- заполнение таблицы Realtors (Риэлторы)
insert into Realtors
	(IdPersons, RemunPercent)
values
	(16, 5),			-- 1
	(17, 6),			-- 2
	(18, 3),			-- 3
	(19, 4),			-- 4
	(20, 5),			-- 5
	(21, 6),			-- 6
	(22, 15),			-- 7
	(23, 11),			-- 8
	(24, 12),			-- 9
	(25, 13)				-- 10

-- заполнение таблицы Owners (Владельцы)
insert into Owners
	(IdPersons, Passport)
values						
	(1,		N'ЕС45718'),		-- 1
	(2,		N'АВ34524'),		-- 2
	(3,		N'АТ65423'),		-- 3
	(4,		N'ВО12312'),		-- 4
	(5,		N'СК67443'),		-- 5
	(6,		N'ВА12234'),		-- 6
	(7,		N'СО54334'),		-- 7
	(8,		N'ВС89532'),		-- 8
	(9,		N'СС34267'),		-- 9
	(10,	N'АТ23414'),		-- 10
	(11,	N'СО98751'),		-- 11
	(12,	N'ВА32456'),		-- 12
	(13,	N'ВО98412'),		-- 13
	(14,	N'АТ15321'),		-- 14
	(15,	N'СС75198')			-- 15

-- заполнение таблицы Transactions (Сделки)
insert into Transactions
	(IdImmovables, IdRealtors, IdOwners, DateTrans)
values
	(1,		5,	   3,	 '2021/09/10'),			-- 1
	(2,		5,	   2,	 '2021/03/12'),			-- 2
	(3,		5,	   15,	 '2021/02/14'),			-- 3
	(4,		3,	   6,	 '2021/06/18'),			-- 4
	(5,		10,	   8,	 '2021/05/15'),			-- 5
	(6,		1,	   15,	 '2021/04/11'),			-- 6
	(7,		2,	   2,	 '2021/08/20'),			-- 7
	(8,		8,	   1,	 '2021/06/20'),			-- 8
	(9,		4,	   12,	 '2021/04/22'),			-- 9
	(10,	9,	   5,	 '2021/05/26'),			-- 10
	(11,	10,	   13,	 '2021/01/24'),			-- 11
	(12,	3,	   4,	 '2021/02/21'),			-- 12
	(13,	2,	   12,	 '2021/05/15'),			-- 13
	(14,	4,	   3,	 '2021/03/02'),			-- 14
	(15,	10,	   9,	 '2021/03/07'),			-- 15
	(16,	3,	   14,	 '2021/10/06'),			-- 16
	(17,	10,	   9,	 '2021/04/04'),			-- 17
	(18,	3,	   6,	 '2021/09/02'),			-- 18
	(19,	10,	   4,	 '2021/05/01'),			-- 19
	(20,	9,	   12,	 '2021/06/03')			-- 20

-- очистка данных таблиц
-- delete from Transactions;			-- удаленеие данных из таблицы Transactions	(Сделки)
-- delete from Immovables;				-- удаленеие данных из таблицы Immovables	(Недвижимость)
-- delete from Realtors;				-- удаленеие данных из таблицы Realtors		(Риэлторы)
-- delete from Owners;					-- удаленеие данных из таблицы Owners		(Владельцы)
-- delete from Streets; 				-- удаленеие данных из таблицы Streets		(Улицы)
-- delete from Persons; 				-- удаленеие данных из таблицы Persons		(Персоны)