-- База данных «Учет сделок с недвижимостью»

-- Заполнение таблиц начальным набором данных

-- названия улиц
insert into Streets (Street)
values
    (N'ул. Садовая'),      --  1
	(N'пр. Измайлова'),    --  2
	(N'ул. Воинская'),     --  3
	(N'ул. Столичная'),    --  4
	(N'ул. Ореховая'),     --  5
	(N'пр. Радио'),        --  6
	(N'ул. Павлова'),      --  7
	(N'пр. Королева'),     --  8
	(N'пр. Николаевский'), --  9
	(N'ул. Прокатчиков');  -- 10
go

-- таблица персональных данных
insert Persons
    (Surname, [Name], Patronymic)
values
    (N'Юрковский',   N'Марк',      N'Максимилианович'), /*  1 */
	(N'Якубовская',  N'Диана',     N'Павловна'),		/*  2 */
    (N'Шапиро',      N'Федор',     N'Федорович'),     	/*  3 */
	(N'Вожжаев',     N'Сергей',    N'Денисович'),     	/*  4 */
    (N'Хроменко',    N'Игорь',     N'Владимирович'),  	/*  5 */
	(N'Пелых',       N'Марина',    N'Ульяновна'),     	/*  6 */
	(N'Лапотникова', N'Тамара',    N'Оскаровна'),     	/*  7 */
	(N'Огородников', N'Сергей',    N'Иванович'),      	/*  8 */
    (N'Яйло',        N'Екатерина', N'Николаевна'),    	/*  9 */
	(N'Лосева',      N'Инна',      N'Степановна'),    	/* 10 */
    (N'Михайлович',  N'Анна',      N'Валентиновна'),  	/* 11 */
	(N'Тарапата',    N'Михаил',    N'Исаакович'),     	/* 12 */
	(N'Трубихин',    N'Эдуард',    N'Михайлович'),    	/* 13 */
	(N'Чмыхало',     N'Олег',      N'Тарасович'),     	/* 14 */
	(N'Князьков',    N'Степан',    N'Сидорович'),     	/* 15 */
	(N'Потемкина',   N'Наталья',   N'Павловна'),      	/* 16 */
    (N'Гритченко',   N'Степан',    N'Романович'),     	/* 17 */
	(N'Селиванов',   N'Александр', N'Михайлович'),    	/* 18 */
	(N'Царькова',    N'Лариса',    N'Ильинична'),     	/* 19 */
	(N'Яструб',      N'Владимир',  N'Данилович'),     	/* 20 */
    (N'Мелашенко',   N'Александр', N'Алексеевич'),    	/* 21 */
	(N'Пономаренко', N'Владислов', N'Дмитриевич'),    	/* 22 */ 
	(N'Хавалджи',    N'Любовь',    N'Амировна'),      	/* 23 */
	(N'Пархоменко',  N'Ирина',     N'Владимировна'),  	/* 24 */
    (N'Демидова',    N'Алина',     N'Александровна'), 	/* 25 */
	(N'Лысенко',     N'Елена',     N'Егоровна'),      	/* 26 */
	(N'Федосенко',   N'Оксана',    N'Владимировна'),  	/* 27 */
	(N'Богатырева',  N'Екатерина', N'Алексеевна'),		/* 28 */
	(N'Иванова',     N'Валентина', N'Степановна'),		/* 29 */
	(N'Ильюшин',     N'Сергей',    N'Юрьевич');		    /* 30 */
go


-- владельцы квартир
insert into 
    Owners (IdPerson, Passport)
values
    (11, N'12 21 345671'),   --  1
	(12, N'12 21 123452'),   --  2
	( 1, N'12 21 456123'),   --  3
	( 5, N'12 21 123122'),   --  4
	( 4, N'12 21 342121'),   --  5
	(13, N'11 21 121212'),   --  6
	(18, N'11 21 098181'),   --  7
	(16, N'12 21 091911'),   --  8
	(19, N'12 21 345675'),   --  9
	( 6, N'12 21 187651'),   -- 10
	( 7, N'09 20 000122'),   -- 11
	( 9, N'09 20 001981'),   -- 12
	( 8, N'09 21 121921'),   -- 13
	(10, N'12 20 021121'),   -- 14
	(15, N'09 19 002165'),   -- 15
	(17, N'09 19 002213'),   -- 16
	(14, N'09 19 002129'),   -- 17
	( 3, N'11 18 000503'),   -- 18
	( 2, N'11 18 000523');   -- 19
go


-- риелторы
insert into
    Realtors(IdPerson, [Percent])
values
    (24, 11.1),   --  1
    (30,  5.2),   --  2
    (28,  5.2),   --  3
    (21, 11.1),   --  4
    (22,  8.1),   --  5
    (23,  8.8),   --  6
    (26, 11.5),   --  7
    (25,  4.8),   --  8
    (27, 10.1),   --  9
    (20,  4.8),   -- 10
    (29, 12.0);   -- 11

-- сведения о квартирах квартир
insert into 
    Apartments(IdStreet, Building, Flat, Area, RoomNum)
values
     ( 1,  N'13', 17, 120, 3),  --  1
     ( 3,  N'17', 19, 160, 4),  --  2
     ( 4,  N'21',  8,  90, 2),  --  3
     ( 2, N'187', 72,  60, 2),  --  4
     (10, N'111', 24,  45, 1),  --  5
     ( 3, N'19б', 16,  45, 1),  --  6
     ( 4,  N'88', 18, 120, 3),  --  7
     ( 5, N'12в',  6,  60, 2),  --  8
     ( 1,  N'16', 12, 120, 3),  --  9
     (10, N'111', 21,  90, 2),  -- 10
     ( 5,  N'88',  0, 160, 3),  -- 11
     ( 7,  N'13', 12,  90, 2),  -- 12
     ( 1, N'118',  7, 160, 3),  -- 13
     ( 4, N'19б', 22, 120, 3),  -- 14
     (10, N'111', 18, 230, 4),  -- 15
     ( 8,  N'18',  0, 320, 5),  -- 16
     ( 1, N'12в', 30, 230, 4),  -- 17
     ( 1, N'118',  0,  90, 2),  -- 18
     ( 1, N'118',  0,  90, 2),  -- 19
     ( 7,  N'15', 22, 120, 3);  -- 20

-- предложения
insert into
    Offers(IdApartment, IdOwner, Price)
values
    (11, 10, 2700000),  --  1
    ( 9,  8, 2600000),  --  2
    ( 8,  6, 2100000),  --  3
    ( 6,  7,  600000),  --  4 
    ( 5,  5,  950000),  --  5
    ( 4, 10, 2200000),  --  6
    ( 3, 11, 2400000),  --  7
    ( 2,  5, 4300000),  --  8
    ( 1,  4, 3200000),  --  9
    ( 7, 12, 2300000),  -- 10
    (12,  3, 2000000),  -- 11
    (10,  1, 2100000),  -- 12
    (13,  2, 3500000),  -- 13
    (11,  6,  600000),  -- 14
    (15,  7, 4100000),  -- 15
    (18, 12, 4100000),  -- 16
    (14, 18, 4100000),  -- 17
    (16, 17, 4100000),  -- 18
    (19,  6, 4100000),  -- 19
  	(17, 13, 2700000);  -- 20

-- сделки
insert into 
    Deals(DealDate, IdOffer, IdRealtor, DealPrice)
values
    ('2021-09-01', 13,  1, 1500000), --  1
	('2021-09-01',  1,  5, 1600000), --  2
    ('2021-09-03', 15,  8, 2300000), --  3
    ('2021-09-03', 11, 11,  900000), --  4
    ('2021-09-04',  9,  9, 1200000), --  5
    ('2021-09-05',  6,  3, 1200000), --  6
    ('2021-09-11',  7,  2, 1300000), --  7
    ('2021-09-11',  8,  9, 2400000), --  8
    ('2021-10-01', 12, 10,  860000), --  9
    ('2021-10-03', 16,  1, 2100000), -- 10
	('2021-10-04', 19,  2, 2000000), -- 11
	('2021-10-06',  3,  8, 1050000), -- 12
	('2021-10-22',  5,  3,  450000), -- 13
	('2021-10-23',  2,  9, 1700000), -- 14
	('2021-10-23', 17,  1, 2000000), -- 15
	('2021-10-31', 10,  7, 1300000), -- 16
	('2021-10-31',  4,  2,  600000), -- 17
	('2021-10-31', 14,  5,  700000), -- 18
	('2021-11-01', 20,  7, 1600000), -- 19
	('2021-11-02', 18,  4, 2100000); -- 20
go